Email1,Reynolds,53.7457,0.3367,30/08/2012
Email2,Reynolds,51.5074,0.1278,31/01/2015
Email3,Reynolds,53.4808,2.2426,30/01/2016
Email4,Reynolds,51.5074,0.1278,21/03/2010
Email5,Reynolds,53.4808,2.2426,02/07/2011
Email6,Reynolds,51.5074,0.1278,10/01/2015
Email7,Reynolds,51.5105,0.5950,05/01/2016
Email8,Reynolds,51.4545,2.5879,03/04/2014
Email9,Reynolds,51.5105,0.5950,10/10/2015
Email10,Reynolds,53.4808,2.2426,20/12/2016
Email11,Reynolds,51.5105,0.5950,15/06/2016
Email12,Reynolds,53.4084,2.9916,24/12/2011
Email13,Reynolds,51.4545,2.5879,21/06/2012
Email14,Reynolds,53.7457,0.3367,30/11/2011
Email15,Reynolds,51.5105,0.5950,22/10/2010
Email16,Reynolds,53.4084,2.9916,27/03/2015
Email17,Reynolds,53.7457,0.3367,09/01/2013
Email18,Reynolds,51.5105,0.5950,17/03/2011
Email19,Reynolds,53.7632,2.7031,01/02/2014
Email20,Reynolds,51.1279,1.3134,22/11/2012
Email21,Reynolds,51.5105,0.5950,22/12/2013
Email22,Reynolds,53.4808,2.2426,13/01/2012
Email23,Reynolds,53.4808,2.2426,12/04/2016
Email24,Reynolds,51.5074,0.1278,03/05/2010
Email25,Reynolds,51.1279,1.3134,11/01/2011
Email26,Addison,51.5105,0.5950,01/09/2014
Email27,Addison,51.5074,0.1278,09/09/2015
Email28,Addison,53.4808,2.2426,14/08/2015
Email29,Addison,51.5105,0.5950,26/01/2013
Email30,Addison,53.7457,0.3367,25/09/2016
Email31,Addison,53.4084,2.9916,28/09/2013
Email32,Addison,51.5105,0.5950,25/07/2013
Email33,Addison,53.7457,0.3367,24/03/2011
Email34,Addison,51.1279,1.3134,26/12/2015
Email35,Addison,53.4808,2.2426,13/05/2015
Email36,Addison,51.5074,0.1278,26/05/2013
Email37,Addison,53.4084,2.9916,16/09/2013
Email38,Addison,53.4084,2.9916,09/01/2011
Email39,Addison,53.7457,0.3367,15/08/2011
Email40,Addison,53.4084,2.9916,08/08/2015
Email41,Porter,51.4545,2.5879,05/06/2011
Email42,Porter,53.4084,2.9916,13/05/2010
Email43,Porter,51.5105,0.5950,09/02/2014
Email44,Porter,53.7457,0.3367,23/12/2016
Email45,Porter,51.5074,0.1278,15/09/2011
Email46,Porter,51.1279,1.3134,20/10/2012
Email47,Porter,51.1279,1.3134,05/05/2010
Email48,Porter,53.4808,2.2426,06/08/2013
Email49,Porter,51.1279,1.3134,20/10/2016
Email50,Porter,53.4084,2.9916,13/02/2015
Email51,Porter,51.4545,2.5879,19/07/2012
Email52,Porter,51.5105,0.5950,06/02/2011
Email53,Porter,53.4808,2.2426,17/10/2013
Email54,Porter,53.7457,0.3367,05/02/2016
Email55,Porter,51.4545,2.5879,20/10/2013
Email56,Porter,53.7632,2.7031,14/07/2014
Email57,Porter,53.4084,2.9916,12/04/2014
Email58,Porter,53.7632,2.7031,06/07/2010
Email59,Porter,51.5074,0.1278,18/01/2015
Email60,Porter,53.7457,0.3367,03/04/2014
Email61,Porter,51.5105,0.5950,22/10/2016
Email62,Porter,53.4808,2.2426,24/05/2015
Email63,Porter,51.5105,0.5950,15/08/2013
Email64,Porter,53.7632,2.7031,05/09/2015
Email65,Porter,53.4084,2.9916,09/04/2016
Email66,Porter,51.5074,0.1278,27/01/2010
Email67,Porter,51.5105,0.5950,19/08/2015
Email68,Porter,53.7632,2.7031,07/05/2012
Email69,Chamberlain,51.5074,0.1278,08/01/2012
Email70,Chamberlain,53.7632,2.7031,02/07/2014
Email71,Chamberlain,53.4808,2.2426,30/08/2015
Email72,Chamberlain,51.1279,1.3134,14/08/2013
Email73,Chamberlain,53.7457,0.3367,14/07/2014
Email74,Chamberlain,53.7457,0.3367,19/11/2011
Email75,Chamberlain,51.5105,0.5950,13/03/2015
Email76,Chamberlain,51.4545,2.5879,26/04/2013
Email77,Chamberlain,51.5074,0.1278,13/04/2014
Email78,Chamberlain,51.5105,0.5950,23/01/2016
Email79,Chamberlain,51.1279,1.3134,09/06/2015
Email80,Chamberlain,51.5074,0.1278,05/04/2011
Email81,Chamberlain,53.4808,2.2426,30/12/2014
Email82,Chamberlain,51.5105,0.5950,01/04/2011
Email83,Chamberlain,53.4084,2.9916,08/12/2016
Email84,Chamberlain,51.4545,2.5879,10/09/2015
Email85,Chamberlain,53.4084,2.9916,30/04/2014
Email86,Chamberlain,53.4084,2.9916,25/11/2010
Email87,Chamberlain,53.4084,2.9916,03/03/2015
Email88,Chamberlain,53.4808,2.2426,15/10/2016
Email89,Chamberlain,51.4545,2.5879,13/10/2016
Email90,Chamberlain,51.5074,0.1278,06/05/2013
Email91,Malfoy,51.5074,0.1278,22/07/2011
Email92,Gibson,51.4545,2.5879,04/11/2012
Email93,Fly,53.4084,2.9916,23/05/2011
Email94,Bless,51.5074,0.1278,13/02/2016
Email95,Grater,53.7632,2.7031,26/02/2014
Email96,Smith,53.4808,2.2426,27/04/2016
Email97,Waffle,51.1279,1.3134,06/03/2012
Email98,Spalding,51.5074,0.1278,01/06/2011
Email99,Eve,53.4808,2.2426,27/07/2013
Email100,Rodgers,53.7457,0.3367,08/11/2013
Photo1,Reynolds,53.4808,2.2426,05/10/2015
Photo2,Reynolds,53.7632,2.7031,20/10/2012
Photo3,Reynolds,53.7457,0.3367,11/11/2011
Photo4,Reynolds,53.4084,2.9916,07/03/2015
Photo5,Reynolds,53.4084,2.9916,27/10/2011
Photo6,Reynolds,51.1279,1.3134,20/06/2013
Photo7,Reynolds,51.4545,2.5879,25/12/2013
Photo8,Reynolds,53.4084,2.9916,03/04/2014
Photo9,Reynolds,53.7457,0.3367,12/05/2011
Photo10,Reynolds,51.5074,0.1278,03/05/2016
Photo11,Reynolds,51.5105,0.5950,23/08/2011
Photo12,Reynolds,51.1279,1.3134,01/03/2013
Photo13,Reynolds,51.5074,0.1278,07/04/2016
Photo14,Reynolds,53.7457,0.3367,05/07/2010
Photo15,Reynolds,51.1279,1.3134,13/01/2016
Photo16,Reynolds,53.4808,2.2426,03/05/2010
Photo17,Reynolds,53.7457,0.3367,30/10/2010
Photo18,Reynolds,51.5105,0.5950,10/02/2011
Photo19,Reynolds,51.5074,0.1278,02/04/2010
Photo20,Reynolds,51.1279,1.3134,09/01/2012
Photo21,Reynolds,51.5074,0.1278,14/05/2013
Photo22,Reynolds,53.7457,0.3367,02/07/2013
Photo23,Reynolds,53.7632,2.7031,23/07/2016
Photo24,Reynolds,51.1279,1.3134,10/10/2011
Photo25,Reynolds,53.7457,0.3367,30/12/2015
Photo26,Addison,51.1279,1.3134,15/04/2010
Photo27,Addison,53.4084,2.9916,26/10/2012
Photo28,Addison,51.1279,1.3134,22/11/2014
Photo29,Addison,51.1279,1.3134,06/01/2012
Photo30,Addison,53.4084,2.9916,05/12/2011
Photo31,Addison,53.4084,2.9916,13/06/2012
Photo32,Addison,51.5074,0.1278,08/04/2012
Photo33,Addison,53.4808,2.2426,22/11/2013
Photo34,Addison,53.4084,2.9916,18/11/2012
Photo35,Addison,51.1279,1.3134,26/06/2016
Photo36,Addison,53.7457,0.3367,04/08/2012
Photo37,Addison,51.5105,0.5950,23/02/2010
Photo38,Addison,51.5105,0.5950,08/11/2015
Photo39,Addison,51.1279,1.3134,24/05/2010
Photo40,Addison,53.4808,2.2426,05/03/2012
Photo41,Porter,53.7632,2.7031,23/05/2016
Photo42,Porter,51.5105,0.5950,21/05/2013
Photo43,Porter,51.4545,2.5879,17/04/2011
Photo44,Porter,53.7457,0.3367,20/02/2013
Photo45,Porter,53.7457,0.3367,04/05/2016
Photo46,Porter,53.7457,0.3367,13/01/2012
Photo47,Porter,53.4808,2.2426,16/10/2011
Photo48,Porter,53.4084,2.9916,12/03/2015
Photo49,Porter,51.5105,0.5950,15/01/2012
Photo50,Porter,51.4545,2.5879,20/09/2012
Photo51,Porter,51.4545,2.5879,11/11/2012
Photo52,Porter,53.7457,0.3367,22/01/2016
Photo53,Porter,51.4545,2.5879,17/09/2014
Photo54,Porter,51.1279,1.3134,17/10/2016
Photo55,Porter,51.5074,0.1278,15/03/2012
Photo56,Porter,53.4808,2.2426,02/01/2016
Photo57,Porter,51.4545,2.5879,18/08/2016
Photo58,Porter,53.7457,0.3367,25/04/2012
Photo59,Porter,53.4808,2.2426,21/07/2011
Photo60,Porter,53.4084,2.9916,02/07/2012
Photo61,Porter,53.7632,2.7031,26/05/2016
Photo62,Porter,53.7457,0.3367,15/02/2011
Photo63,Porter,53.4084,2.9916,01/08/2010
Photo64,Porter,53.4808,2.2426,04/04/2016
Photo65,Porter,51.5105,0.5950,02/04/2015
Photo66,Porter,53.7632,2.7031,16/09/2011
Photo67,Porter,51.4545,2.5879,26/06/2012
Photo68,Porter,53.4084,2.9916,15/06/2011
Photo69,Chamberlain,51.5105,0.5950,08/12/2010
Photo70,Chamberlain,51.5074,0.1278,29/06/2013
Photo71,Chamberlain,53.7457,0.3367,29/01/2010
Photo72,Chamberlain,53.7632,2.7031,14/08/2011
Photo73,Chamberlain,51.1279,1.3134,18/12/2010
Photo74,Chamberlain,51.5074,0.1278,29/11/2016
Photo75,Chamberlain,53.4808,2.2426,08/10/2013
Photo76,Chamberlain,53.4808,2.2426,24/07/2010
Photo77,Chamberlain,53.4808,2.2426,19/04/2011
Photo78,Chamberlain,51.4545,2.5879,02/12/2013
Photo79,Chamberlain,53.4084,2.9916,20/03/2012
Photo80,Chamberlain,51.1279,1.3134,24/11/2011
Photo81,Chamberlain,53.7632,2.7031,05/02/2011
Photo82,Chamberlain,53.7457,0.3367,09/12/2010
Photo83,Chamberlain,53.7457,0.3367,14/07/2013
Photo84,Chamberlain,53.7457,0.3367,30/09/2016
Photo85,Chamberlain,53.4808,2.2426,21/12/2015
Photo86,Chamberlain,53.7632,2.7031,16/06/2016
Photo87,Chamberlain,53.7632,2.7031,16/03/2012
Photo88,Chamberlain,51.1279,1.3134,15/09/2011
Photo89,Chamberlain,51.5105,0.5950,25/07/2014
Photo90,Chamberlain,51.4545,2.5879,31/10/2011
Photo91,Malfoy,53.4084,2.9916,09/07/2012
Photo92,Gibson,51.1279,1.3134,19/06/2015
Photo93,Fly,51.5105,0.5950,05/12/2015
Photo94,Bless,53.4084,2.9916,24/07/2010
Photo95,Grater,53.7632,2.7031,07/05/2011
Photo96,Smith,53.4808,2.2426,10/01/2014
Photo97,Waffle,53.7632,2.7031,14/09/2015
Photo98,Spalding,51.5105,0.5950,11/08/2013
Photo99,Eve,53.7632,2.7031,29/11/2014
Photo1,Rodgers,51.5105,0.5950,06/06/2016
Document1,Grater,53.7632,2.7031,07/04/2011
Document2,Smith,51.5105,0.5950,27/01/2013
Document3,Waffle,51.5074,0.1278,27/04/2011
Document4,Spalding,51.5074,0.1278,03/08/2013
Document5,Grater,53.4084,2.9916,25/06/2010
Document6,Smith,53.7632,2.7031,28/10/2014
Document7,Waffle,51.4545,2.5879,27/12/2015
Document8,Spalding,51.5105,0.5950,09/12/2013
Document9,Rodgers,53.4084,2.9916,21/11/2014
Document10,Rodgers,51.5074,0.1278,03/11/2011
Document11,Rodgers,51.5074,0.1278,30/10/2010
Document12,Rodgers,51.1279,1.3134,27/03/2013
Document13,Rodgers,53.7632,2.7031,25/04/2016
Document14,Rodgers,53.4084,2.9916,15/12/2011
Document15,Rodgers,51.1279,1.3134,24/06/2014
Document16,Grater,53.7457,0.3367,30/09/2012
Document17,Smith,51.1279,1.3134,30/09/2016
Document18,Waffle,51.5105,0.5950,05/08/2010
Document19,Spalding,53.7632,2.7031,03/01/2010
Document20,Chamberlain,53.4084,2.9916,05/02/2011
Document21,Chamberlain,51.5074,0.1278,19/09/2012
Document22,Chamberlain,51.5074,0.1278,15/03/2012
Document23,Chamberlain,53.4808,2.2426,02/05/2013
Document24,Chamberlain,51.5105,0.5950,04/08/2015
Document25,Chamberlain,53.4084,2.9916,27/10/2015
Document26,Reynolds,53.4084,2.9916,24/03/2014
Document27,Reynolds,53.4084,2.9916,27/02/2010
Document28,Reynolds,51.1279,1.3134,06/01/2013
Document29,Addison,51.4545,2.5879,23/03/2013
Document30,Addison,53.7632,2.7031,24/03/2015
Document31,Addison,53.7457,0.3367,06/04/2015
Document32,Addison,53.7632,2.7031,16/07/2010
Document33,Addison,53.7457,0.3367,15/04/2016
Document34,Addison,53.7457,0.3367,07/02/2010
Document35,Addison,51.4545,2.5879,23/01/2012
Document36,Addison,53.4084,2.9916,17/10/2013
Document37,Addison,53.7457,0.3367,04/10/2012
Document38,Addison,53.7632,2.7031,02/12/2013
Document39,Addison,53.7632,2.7031,11/01/2010
Document40,Addison,51.4545,2.5879,07/09/2012
Document41,Addison,53.4084,2.9916,09/07/2016
Document42,Addison,53.4808,2.2426,26/08/2015
Document43,Addison,53.7457,0.3367,26/11/2011
Document44,Porter,53.7457,0.3367,09/10/2015
Document45,Porter,53.4808,2.2426,14/07/2014
Document46,Porter,51.1279,1.3134,01/09/2012
Document47,Porter,51.1279,1.3134,16/03/2015
Document48,Porter,53.7632,2.7031,10/11/2011
Document49,Porter,53.7457,0.3367,10/09/2012
Document50,Porter,51.4545,2.5879,29/08/2010
Document51,Porter,51.5105,0.5950,27/02/2012
Document52,Porter,51.5074,0.1278,05/03/2012
Document53,Porter,51.1279,1.3134,24/05/2014
Document54,Porter,51.5074,0.1278,04/06/2016
Document55,Porter,53.4808,2.2426,28/10/2010
Document56,Porter,51.5074,0.1278,26/03/2010
Document57,Porter,53.4084,2.9916,24/06/2013
Document58,Reynolds,51.4545,2.5879,17/04/2010
Document59,Reynolds,53.7632,2.7031,21/11/2014
Document60,Reynolds,51.1279,1.3134,04/12/2010
Document61,Addison,53.7632,2.7031,27/04/2015
Document62,Addison,53.7632,2.7031,24/08/2014
Document63,Addison,51.5105,0.5950,17/08/2015
Document64,Addison,51.1279,1.3134,20/02/2016
Document65,Addison,53.4808,2.2426,24/03/2015
Document66,Addison,53.7632,2.7031,16/03/2013
Document67,Addison,51.5105,0.5950,17/11/2013
Document68,Addison,51.5074,0.1278,12/04/2014
Document69,Addison,51.5074,0.1278,25/05/2015
Document70,Addison,51.4545,2.5879,24/08/2010
Document71,Addison,51.1279,1.3134,13/01/2013
Document72,Addison,53.7457,0.3367,11/10/2012
Document73,Addison,51.5105,0.5950,20/01/2013
Document74,Addison,53.7457,0.3367,20/11/2013
Document75,Addison,51.1279,1.3134,10/09/2013
Document76,Porter,51.5074,0.1278,19/09/2014
Document77,Porter,51.1279,1.3134,03/12/2010
Document78,Porter,53.7632,2.7031,13/06/2016
Document79,Porter,53.7632,2.7031,24/06/2012
Document80,Porter,51.5074,0.1278,13/10/2010
Document81,Porter,53.4084,2.9916,18/06/2016
Document82,Porter,53.4808,2.2426,18/08/2015
Document83,Porter,51.1279,1.3134,20/09/2014
Document84,Porter,53.7632,2.7031,22/03/2011
Document85,Porter,51.5105,0.5950,07/04/2015
Document86,Porter,53.7632,2.7031,27/04/2011
Document87,Porter,51.4545,2.5879,25/08/2012
Document88,Porter,51.5105,0.5950,26/12/2013
Document89,Porter,51.4545,2.5879,30/10/2013
Document90,Malfoy,53.7457,0.3367,24/01/2014
Document91,Gibson,53.4808,2.2426,13/12/2015
Document92,Fly,51.1279,1.3134,03/05/2014
Document93,Bless,53.4084,2.9916,02/12/2012
Document94,Grater,51.4545,2.5879,03/02/2012
Document95,Smith,51.5105,0.5950,02/11/2013
Document96,Waffle,53.7632,2.7031,12/05/2012
Document97,Spalding,53.7632,2.7031,29/05/2011
Document98,Eve,51.4545,2.5879,01/09/2015
Document99,Rodgers,51.1279,1.3134,13/02/2016
Document100,Grater,51.5105,0.5950,04/02/2010
